{
  "task": "forecasting",
  "model": "ForecastingNet",
  "test_loss": 2.6060444069179622,
  "1h_rmse": 1.4841934896219666,
  "1h_mae": 1.3085559606552124,
  "6h_rmse": 1.8647098462821323,
  "6h_mae": 1.626159429550171,
  "12h_rmse": 2.1643758058119618,
  "12h_mae": 1.8907740116119385,
  "24h_rmse": 2.5613267585270205,
  "24h_mae": 2.2747342586517334
}