{
  "Linear Regression": {
    "val_r2": -1.156307991367333,
    "val_rmse": 2.2662912171156093,
    "val_mae": 2.0495339193545536,
    "test_r2": -5.645705948198791,
    "test_rmse": 5.4159203933294835,
    "test_mae": 5.253090207304883,
    "train_time_seconds": 0.010360240936279297,
    "status": "success"
  },
  "Ridge Regression": {
    "val_r2": 0.24142581070793268,
    "val_rmse": 1.3441859458187784,
    "val_mae": 1.202975365459167,
    "test_r2": -0.9159983309094262,
    "test_rmse": 2.9080326267833327,
    "test_mae": 2.7424031738306214,
    "train_time_seconds": 0.005913496017456055,
    "status": "success"
  },
  "Lasso Regression": {
    "val_r2": 0.9021698892052006,
    "val_rmse": 0.4827214442383294,
    "val_mae": 0.3775382195450299,
    "test_r2": 0.7113425721415869,
    "test_rmse": 1.1287378287103549,
    "test_mae": 0.8334733925364841,
    "train_time_seconds": 0.10384726524353027,
    "status": "success"
  },
  "ElasticNet": {
    "val_r2": 0.9099766173718888,
    "val_rmse": 0.46306076323720374,
    "val_mae": 0.35779537004226203,
    "test_r2": 0.6537188014548192,
    "test_rmse": 1.2362780760395884,
    "test_mae": 0.9140508080229616,
    "train_time_seconds": 1.7054376602172852,
    "status": "success"
  },
  "SVR (RBF)": {
    "val_r2": 0.052806902064921,
    "val_rmse": 1.5020333719708245,
    "val_mae": 1.1739914324522485,
    "test_r2": -1.9953819755402766,
    "test_rmse": 3.6360330126250737,
    "test_mae": 3.3752384016124717,
    "train_time_seconds": 11.638960361480713,
    "status": "success"
  },
  "Random Forest": {
    "val_r2": 0.8989449430851061,
    "val_rmse": 0.49061333130662876,
    "val_mae": 0.38382972205390053,
    "test_r2": 0.8851886046328874,
    "test_rmse": 0.7118593753864656,
    "test_mae": 0.547562890758709,
    "train_time_seconds": 2.3197402954101562,
    "status": "success"
  },
  "Gradient Boosting": {
    "val_r2": 0.7491332285380679,
    "val_rmse": 0.7730042645063151,
    "val_mae": 0.6017665092141675,
    "test_r2": 0.3328836178348976,
    "test_rmse": 1.7159416447359104,
    "test_mae": 1.6024538758588305,
    "train_time_seconds": 7.379648208618164,
    "status": "success"
  },
  "KNN (k=10)": {
    "val_r2": 0.3801370937167877,
    "val_rmse": 1.2150891518989653,
    "val_mae": 0.9817912463646765,
    "test_r2": 0.05045553416853188,
    "test_rmse": 2.047195720703923,
    "test_mae": 1.760440789915346,
    "train_time_seconds": 0.02986311912536621,
    "status": "success"
  },
  "MLP (sklearn)": {
    "val_r2": 0.2926359156867018,
    "val_rmse": 1.2980213088753811,
    "val_mae": 1.0067040296749543,
    "test_r2": -0.8313259782687878,
    "test_rmse": 2.8430502754225104,
    "test_mae": 2.7490689285257437,
    "train_time_seconds": 20.412080764770508,
    "status": "success"
  }
}