{
  "BiLSTM-Attention": {
    "calibration": {
      "test_r2": 0.664337158203125,
      "test_rmse": 1.2171758609553138,
      "test_mae": 1.069577693939209,
      "epochs_trained": 44,
      "params": 50337,
      "train_time_s": 57.7
    },
    "forecasting": {
      "epochs_trained": 40,
      "params": 718117,
      "1h_r2": 0.20428574085235596,
      "1h_rmse": 1.732829049309146,
      "1h_mae": 1.2943705320358276,
      "6h_r2": 0.07060718536376953,
      "6h_rmse": 1.8509796770485627,
      "6h_mae": 1.4062445163726807,
      "12h_r2": -0.013918399810791016,
      "12h_rmse": 1.8989024279789883,
      "12h_mae": 1.4700071811676025,
      "24h_r2": -0.8566305637359619,
      "24h_rmse": 2.4856339629589352,
      "24h_mae": 2.0435779094696045,
      "train_time_s": 219.0
    }
  },
  "TCN": {
    "calibration": {
      "test_r2": 0.3109789490699768,
      "test_rmse": 1.7438853932529583,
      "test_mae": 1.6670888662338257,
      "epochs_trained": 32,
      "params": 50337,
      "train_time_s": 49.2
    },
    "forecasting": {
      "epochs_trained": 62,
      "params": 430244,
      "1h_r2": 0.9121674299240112,
      "1h_rmse": 0.5757114963386166,
      "1h_mae": 0.34326788783073425,
      "6h_r2": 0.8159643411636353,
      "6h_rmse": 0.8236695398794913,
      "6h_mae": 0.5237112045288086,
      "12h_r2": 0.4083966016769409,
      "12h_rmse": 1.4504957305361463,
      "12h_mae": 1.1032253503799438,
      "24h_r2": -1.2328410148620605,
      "24h_rmse": 2.7258585810932807,
      "24h_mae": 2.3263726234436035,
      "train_time_s": 568.5
    }
  },
  "ConvLSTM": {
    "calibration": {
      "test_r2": 0.659199595451355,
      "test_rmse": 1.226455343631716,
      "test_mae": 0.9795332551002502,
      "epochs_trained": 60,
      "params": 50337,
      "train_time_s": 89.1
    },
    "forecasting": {
      "epochs_trained": 54,
      "params": 888869,
      "1h_r2": 0.7227905988693237,
      "1h_rmse": 1.0227774318763783,
      "1h_mae": 0.7259923219680786,
      "6h_r2": 0.15273767709732056,
      "6h_rmse": 1.7673027372015366,
      "6h_mae": 1.334173321723938,
      "12h_r2": -0.44495439529418945,
      "12h_rmse": 2.2668782944151795,
      "12h_mae": 1.7855664491653442,
      "24h_r2": -2.4579033851623535,
      "24h_rmse": 3.3921953774900615,
      "24h_mae": 2.8690688610076904,
      "train_time_s": 360.0
    }
  },
  "Transformer": {
    "calibration": {
      "test_r2": -0.044348955154418945,
      "test_rmse": 2.146962717365982,
      "test_mae": 1.948590874671936,
      "epochs_trained": 36,
      "params": 50337,
      "train_time_s": 49.7
    },
    "forecasting": {
      "epochs_trained": 78,
      "params": 473508,
      "1h_r2": 0.5838885307312012,
      "1h_rmse": 1.253089234562328,
      "1h_mae": 1.0330166816711426,
      "6h_r2": 0.12447690963745117,
      "6h_rmse": 1.7965354930409076,
      "6h_mae": 1.552857518196106,
      "12h_r2": -0.419696569442749,
      "12h_rmse": 2.2469784263182957,
      "12h_mae": 1.9484280347824097,
      "24h_r2": -1.570361852645874,
      "24h_rmse": 2.9246341509130698,
      "24h_mae": 2.553581953048706,
      "train_time_s": 565.1
    }
  }
}