{
  "Persistence": {
    "1h": {
      "r2": 0.9801381060444952,
      "rmse": 0.2982178961835228,
      "mae": 0.10027724049000643,
      "n_samples": 3102
    },
    "6h": {
      "r2": 0.850150250792385,
      "rmse": 0.8063303099012075,
      "mae": 0.49350419084461633,
      "n_samples": 3102
    },
    "12h": {
      "r2": 0.6439697243364226,
      "rmse": 1.2153846703166646,
      "mae": 0.7976595744680851,
      "n_samples": 3102
    },
    "24h": {
      "r2": 0.2300668341899883,
      "rmse": 1.7171748010111245,
      "mae": 1.1906318504190845,
      "n_samples": 3102
    }
  },
  "Moving Average (6h)": {
    "1h": {
      "r2": 0.9174607152001658,
      "rmse": 0.5683053344590997,
      "mae": 0.33066353404302506,
      "n_samples": 3006
    },
    "6h": {
      "r2": 0.7614787659725337,
      "rmse": 0.9656626855933882,
      "mae": 0.617172460634287,
      "n_samples": 3006
    },
    "12h": {
      "r2": 0.5764090763101761,
      "rmse": 1.2841988220791736,
      "mae": 0.8337864548680417,
      "n_samples": 3006
    },
    "24h": {
      "r2": 0.21153665411209,
      "rmse": 1.7431094989406406,
      "mae": 1.2261234475493457,
      "n_samples": 3006
    }
  },
  "Linear Trend": {
    "1h": {
      "r2": 0.976080874026395,
      "rmse": 0.3059313864989039,
      "mae": 0.11314541352078454,
      "n_samples": 3006
    },
    "6h": {
      "r2": 0.6950778851349394,
      "rmse": 1.0918334310071014,
      "mae": 0.668971431050942,
      "n_samples": 3006
    },
    "12h": {
      "r2": -0.09855946268439175,
      "rmse": 2.068096163458929,
      "mae": 1.3594942231479077,
      "n_samples": 3006
    },
    "24h": {
      "r2": -2.6427845798659164,
      "rmse": 3.746715008251664,
      "mae": 2.2983295669530555,
      "n_samples": 3006
    }
  },
  "Rule-based (EcoIrrigate)": {
    "1h": {
      "r2": 0.9621298507528893,
      "rmse": 0.38494607006742315,
      "mae": 0.23190705256154356,
      "n_samples": 3006
    },
    "6h": {
      "r2": 0.13062583896396374,
      "rmse": 1.8435940184407031,
      "mae": 1.3997752495009976,
      "n_samples": 3006
    },
    "12h": {
      "r2": -2.5982544878457148,
      "rmse": 3.7428711979287717,
      "mae": 2.9817308050565523,
      "n_samples": 3006
    },
    "24h": {
      "r2": -12.302176324581682,
      "rmse": 7.159707255816773,
      "mae": 5.624089620758482,
      "n_samples": 3006
    }
  }
}